[
{"Liste":2,"UniProtID":"UniProtKB:A0A202FVN1","SlimmedGO":"GO:0003677"},
{"Liste":2,"UniProtID":"UniProtKB:A0A202FWH7","SlimmedGO":"GO:0016491"},
{"Liste":2,"UniProtID":"UniProtKB:A0A202FWH7","SlimmedGO":"GO:0016491"},
{"Liste":2,"UniProtID":"UniProtKB:A0A202FWH7","SlimmedGO":"GO:0016491"},
{"Liste":2,"UniProtID":"UniProtKB:A0A202FWU6","SlimmedGO":"GO:0016491"},
{"Liste":2,"UniProtID":"UniProtKB:A0A202FWU6","SlimmedGO":"GO:0016491"},
{"Liste":2,"UniProtID":"UniProtKB:A0A202FWU6","SlimmedGO":"GO:0016491"},
{"Liste":2,"UniProtID":"UniProtKB:A0A202G1V7","SlimmedGO":"GO:0016491"},
{"Liste":2,"UniProtID":"UniProtKB:A0A202G3E3","SlimmedGO":"GO:0016491"},
{"Liste":2,"UniProtID":"UniProtKB:A0A202G3V6","SlimmedGO":"GO:0016491"},
{"Liste":2,"UniProtID":"UniProtKB:A0A202G3V6","SlimmedGO":"GO:0016491"},
{"Liste":2,"UniProtID":"UniProtKB:A0A202G3V6","SlimmedGO":"GO:0016491"},
{"Liste":2,"UniProtID":"UniProtKB:A0A202G3V6","SlimmedGO":"GO:0016491"},
{"Liste":2,"UniProtID":"UniProtKB:A0A202G4L9","SlimmedGO":"GO:0016491"},
{"Liste":2,"UniProtID":"UniProtKB:A0A202G4L9","SlimmedGO":"GO:0016491"},
{"Liste":2,"UniProtID":"UniProtKB:A0A202G4L9","SlimmedGO":"GO:0016491"},
{"Liste":2,"UniProtID":"UniProtKB:A0A202G698","SlimmedGO":"GO:0016491"},
{"Liste":2,"UniProtID":"UniProtKB:A0A202G698","SlimmedGO":"GO:0016491"},
{"Liste":2,"UniProtID":"UniProtKB:A0A202G698","SlimmedGO":"GO:0016491"},
{"Liste":2,"UniProtID":"UniProtKB:A0A202G9G8","SlimmedGO":"GO:0016491"},
{"Liste":2,"UniProtID":"UniProtKB:A0A202G9G8","SlimmedGO":"GO:0016491"},
{"Liste":2,"UniProtID":"UniProtKB:A0A202G9G8","SlimmedGO":"GO:0016491"},
{"Liste":2,"UniProtID":"UniProtKB:A0A202G9G8","SlimmedGO":"GO:0016491"},
{"Liste":2,"UniProtID":"UniProtKB:A0A202GAB1","SlimmedGO":"GO:0016491"},
{"Liste":2,"UniProtID":"UniProtKB:A0A202GAB1","SlimmedGO":"GO:0016491"},
{"Liste":1,"UniProtID":"UniProtKB:A0A1D8PMH8","SlimmedGO":"GO:0016491"},
{"Liste":1,"UniProtID":"UniProtKB:A0A1D8PMH8","SlimmedGO":"GO:0016491"},
{"Liste":1,"UniProtID":"UniProtKB:A0A1D8PMH8","SlimmedGO":"GO:0016491"},
{"Liste":1,"UniProtID":"UniProtKB:A0A1D8PPX6","SlimmedGO":"GO:0016491"},
{"Liste":1,"UniProtID":"UniProtKB:A0A202FVN1","SlimmedGO":"GO:0003677"},
{"Liste":1,"UniProtID":"UniProtKB:A0A202FWH7","SlimmedGO":"GO:0016491"},
{"Liste":1,"UniProtID":"UniProtKB:A0A202FWH7","SlimmedGO":"GO:0016491"},
{"Liste":1,"UniProtID":"UniProtKB:A0A202FWH7","SlimmedGO":"GO:0016491"},
{"Liste":1,"UniProtID":"UniProtKB:A0A202FWU6","SlimmedGO":"GO:0016491"},
{"Liste":1,"UniProtID":"UniProtKB:A0A202FWU6","SlimmedGO":"GO:0016491"},
{"Liste":1,"UniProtID":"UniProtKB:A0A202FWU6","SlimmedGO":"GO:0016491"},
{"Liste":1,"UniProtID":"UniProtKB:A0A202G1V7","SlimmedGO":"GO:0016491"},
{"Liste":1,"UniProtID":"UniProtKB:A0A202G3E3","SlimmedGO":"GO:0016491"},
{"Liste":1,"UniProtID":"UniProtKB:A0A202G3V6","SlimmedGO":"GO:0016491"},
{"Liste":1,"UniProtID":"UniProtKB:A0A202G3V6","SlimmedGO":"GO:0016491"},
{"Liste":1,"UniProtID":"UniProtKB:A0A202G3V6","SlimmedGO":"GO:0016491"},
{"Liste":1,"UniProtID":"UniProtKB:A0A202G3V6","SlimmedGO":"GO:0016491"},
{"Liste":1,"UniProtID":"UniProtKB:A0A202G4L9","SlimmedGO":"GO:0016491"},
{"Liste":1,"UniProtID":"UniProtKB:A0A202G4L9","SlimmedGO":"GO:0016491"},
{"Liste":1,"UniProtID":"UniProtKB:A0A202G4L9","SlimmedGO":"GO:0016491"},
{"Liste":1,"UniProtID":"UniProtKB:A0A202G4R9","SlimmedGO":"GO:0016491"},
{"Liste":1,"UniProtID":"UniProtKB:A0A202G698","SlimmedGO":"GO:0016491"},
{"Liste":1,"UniProtID":"UniProtKB:A0A202G698","SlimmedGO":"GO:0016491"},
{"Liste":1,"UniProtID":"UniProtKB:A0A202G698","SlimmedGO":"GO:0016491"},
{"Liste":1,"UniProtID":"UniProtKB:A0A202G9G8","SlimmedGO":"GO:0016491"}
]