{"numberOfHits":100,"results":[{"id":"UniProtKB:A0A202FVN1!265122794","geneProductId":"UniProtKB:A0A202FVN1","qualifier":"enables","goId":"GO:0003677","goName":null,"goEvidence":"IEA","goAspect":"molecular_function","evidenceCode":"ECO:0000323","reference":"GO_REF:0000038","withFrom":[{"connectedXrefs":[{"db":"UniProtKB-KW","id":"KW-0238"}]}],"taxonId":36911,"taxonName":null,"assignedBy":"UniProt","extensions":null,"slimmedIds":["GO:0003677"],"targetSets":null,"symbol":"A9F13_27g00539","date":"20180428","interactingTaxonId":0,"synonyms":null,"name":null},{"id":"UniProtKB:A0A202FWH7!265123525","geneProductId":"UniProtKB:A0A202FWH7","qualifier":"enables","goId":"GO:0004754","goName":null,"goEvidence":"IEA","goAspect":"molecular_function","evidenceCode":"ECO:0000256","reference":"GO_REF:0000002","withFrom":[{"connectedXrefs":[{"db":"InterPro","id":"IPR027281"}]}],"taxonId":36911,"taxonName":null,"assignedBy":"InterPro","extensions":null,"slimmedIds":["GO:0016491"],"targetSets":null,"symbol":"A9F13_25g00627","date":"20180428","interactingTaxonId":0,"synonyms":null,"name":null},{"id":"UniProtKB:A0A202FWH7!265123526","geneProductId":"UniProtKB:A0A202FWH7","qualifier":"enables","goId":"GO:0004754","goName":null,"goEvidence":"IEA","goAspect":"molecular_function","evidenceCode":"ECO:0000501","reference":"GO_REF:0000003","withFrom":[{"connectedXrefs":[{"db":"EC","id":"1.5.1.7"}]}],"taxonId":36911,"taxonName":null,"assignedBy":"UniProt","extensions":null,"slimmedIds":["GO:0016491"],"targetSets":null,"symbol":"A9F13_25g00627","date":"20180428","interactingTaxonId":0,"synonyms":null,"name":null},{"id":"UniProtKB:A0A202FWH7!265123527","geneProductId":"UniProtKB:A0A202FWH7","qualifier":"enables","goId":"GO:0016491","goName":null,"goEvidence":"IEA","goAspect":"molecular_function","evidenceCode":"ECO:0000323","reference":"GO_REF:0000038","withFrom":[{"connectedXrefs":[{"db":"UniProtKB-KW","id":"KW-0560"}]}],"taxonId":36911,"taxonName":null,"assignedBy":"UniProt","extensions":null,"slimmedIds":["GO:0016491"],"targetSets":null,"symbol":"A9F13_25g00627","date":"20180428","interactingTaxonId":0,"synonyms":null,"name":null},{"id":"UniProtKB:A0A202FWU6!265123911","geneProductId":"UniProtKB:A0A202FWU6","qualifier":"enables","goId":"GO:0016491","goName":null,"goEvidence":"IEA","goAspect":"molecular_function","evidenceCode":"ECO:0000256","reference":"GO_REF:0000002","withFrom":[{"connectedXrefs":[{"db":"InterPro","id":"IPR015590"}]},{"connectedXrefs":[{"db":"InterPro","id":"IPR016160"}]},{"connectedXrefs":[{"db":"InterPro","id":"IPR016162"}]},{"connectedXrefs":[{"db":"InterPro","id":"IPR016163"}]},{"connectedXrefs":[{"db":"InterPro","id":"IPR029510"}]}],"taxonId":36911,"taxonName":null,"assignedBy":"InterPro","extensions":null,"slimmedIds":["GO:0016491"],"targetSets":null,"symbol":"A9F13_25g00330","date":"20180428","interactingTaxonId":0,"synonyms":null,"name":null},{"id":"UniProtKB:A0A202FWU6!265123912","geneProductId":"UniProtKB:A0A202FWU6","qualifier":"enables","goId":"GO:0016491","goName":null,"goEvidence":"IEA","goAspect":"molecular_function","evidenceCode":"ECO:0000323","reference":"GO_REF:0000038","withFrom":[{"connectedXrefs":[{"db":"UniProtKB-KW","id":"KW-0560"}]}],"taxonId":36911,"taxonName":null,"assignedBy":"UniProt","extensions":null,"slimmedIds":["GO:0016491"],"targetSets":null,"symbol":"A9F13_25g00330","date":"20180428","interactingTaxonId":0,"synonyms":null,"name":null},{"id":"UniProtKB:A0A202FWU6!265123913","geneProductId":"UniProtKB:A0A202FWU6","qualifier":"enables","goId":"GO:0016620","goName":null,"goEvidence":"IEA","goAspect":"molecular_function","evidenceCode":"ECO:0000256","reference":"GO_REF:0000002","withFrom":[{"connectedXrefs":[{"db":"InterPro","id":"IPR016163"}]}],"taxonId":36911,"taxonName":null,"assignedBy":"InterPro","extensions":null,"slimmedIds":["GO:0016491"],"targetSets":null,"symbol":"A9F13_25g00330","date":"20180428","interactingTaxonId":0,"synonyms":null,"name":null},{"id":"UniProtKB:A0A202G1V7!265128884","geneProductId":"UniProtKB:A0A202G1V7","qualifier":"enables","goId":"GO:0009055","goName":null,"goEvidence":"IEA","goAspect":"molecular_function","evidenceCode":"ECO:0000256","reference":"GO_REF:0000002","withFrom":[{"connectedXrefs":[{"db":"InterPro","id":"IPR002327"}]},{"connectedXrefs":[{"db":"InterPro","id":"IPR009056"}]},{"connectedXrefs":[{"db":"InterPro","id":"IPR036909"}]}],"taxonId":36911,"taxonName":null,"assignedBy":"InterPro","extensions":null,"slimmedIds":["GO:0016491"],"targetSets":null,"symbol":"A9F13_18g00715","date":"20180428","interactingTaxonId":0,"synonyms":null,"name":null},{"id":"UniProtKB:A0A202G3E3!265130759","geneProductId":"UniProtKB:A0A202G3E3","qualifier":"enables","goId":"GO:0016491","goName":null,"goEvidence":"IEA","goAspect":"molecular_function","evidenceCode":"ECO:0000256","reference":"GO_REF:0000002","withFrom":[{"connectedXrefs":[{"db":"InterPro","id":"IPR020843"}]}],"taxonId":36911,"taxonName":null,"assignedBy":"InterPro","extensions":null,"slimmedIds":["GO:0016491"],"targetSets":null,"symbol":"A9F13_14g00990","date":"20180428","interactingTaxonId":0,"synonyms":null,"name":null},{"id":"UniProtKB:A0A202G3V6!265131312","geneProductId":"UniProtKB:A0A202G3V6","qualifier":"enables","goId":"GO:0004450","goName":null,"goEvidence":"IEA","goAspect":"molecular_function","evidenceCode":"ECO:0000256","reference":"GO_REF:0000002","withFrom":[{"connectedXrefs":[{"db":"InterPro","id":"IPR004790"}]}],"taxonId":36911,"taxonName":null,"assignedBy":"InterPro","extensions":null,"slimmedIds":["GO:0016491"],"targetSets":null,"symbol":"A9F13_13g01276","date":"20180428","interactingTaxonId":0,"synonyms":null,"name":null},{"id":"UniProtKB:A0A202G3V6!265131313","geneProductId":"UniProtKB:A0A202G3V6","qualifier":"enables","goId":"GO:0004450","goName":null,"goEvidence":"IEA","goAspect":"molecular_function","evidenceCode":"ECO:0000501","reference":"GO_REF:0000003","withFrom":[{"connectedXrefs":[{"db":"EC","id":"1.1.1.42"}]}],"taxonId":36911,"taxonName":null,"assignedBy":"UniProt","extensions":null,"slimmedIds":["GO:0016491"],"targetSets":null,"symbol":"A9F13_13g01276","date":"20180428","interactingTaxonId":0,"synonyms":null,"name":null},{"id":"UniProtKB:A0A202G3V6!265131314","geneProductId":"UniProtKB:A0A202G3V6","qualifier":"enables","goId":"GO:0016491","goName":null,"goEvidence":"IEA","goAspect":"molecular_function","evidenceCode":"ECO:0000323","reference":"GO_REF:0000038","withFrom":[{"connectedXrefs":[{"db":"UniProtKB-KW","id":"KW-0560"}]}],"taxonId":36911,"taxonName":null,"assignedBy":"UniProt","extensions":null,"slimmedIds":["GO:0016491"],"targetSets":null,"symbol":"A9F13_13g01276","date":"20180428","interactingTaxonId":0,"synonyms":null,"name":null},{"id":"UniProtKB:A0A202G3V6!265131315","geneProductId":"UniProtKB:A0A202G3V6","qualifier":"enables","goId":"GO:0016616","goName":null,"goEvidence":"IEA","goAspect":"molecular_function","evidenceCode":"ECO:0000256","reference":"GO_REF:0000002","withFrom":[{"connectedXrefs":[{"db":"InterPro","id":"IPR019818"}]},{"connectedXrefs":[{"db":"InterPro","id":"IPR024084"}]}],"taxonId":36911,"taxonName":null,"assignedBy":"InterPro","extensions":null,"slimmedIds":["GO:0016491"],"targetSets":null,"symbol":"A9F13_13g01276","date":"20180428","interactingTaxonId":0,"synonyms":null,"name":null},{"id":"UniProtKB:A0A202G4L9!265132364","geneProductId":"UniProtKB:A0A202G4L9","qualifier":"enables","goId":"GO:0016491","goName":null,"goEvidence":"IEA","goAspect":"molecular_function","evidenceCode":"ECO:0000256","reference":"GO_REF:0000002","withFrom":[{"connectedXrefs":[{"db":"InterPro","id":"IPR015590"}]},{"connectedXrefs":[{"db":"InterPro","id":"IPR016162"}]},{"connectedXrefs":[{"db":"InterPro","id":"IPR016163"}]},{"connectedXrefs":[{"db":"InterPro","id":"IPR029510"}]}],"taxonId":36911,"taxonName":null,"assignedBy":"InterPro","extensions":null,"slimmedIds":["GO:0016491"],"targetSets":null,"symbol":"A9F13_12g02299","date":"20180428","interactingTaxonId":0,"synonyms":null,"name":null},{"id":"UniProtKB:A0A202G4L9!265132365","geneProductId":"UniProtKB:A0A202G4L9","qualifier":"enables","goId":"GO:0016491","goName":null,"goEvidence":"IEA","goAspect":"molecular_function","evidenceCode":"ECO:0000323","reference":"GO_REF:0000038","withFrom":[{"connectedXrefs":[{"db":"UniProtKB-KW","id":"KW-0560"}]}],"taxonId":36911,"taxonName":null,"assignedBy":"UniProt","extensions":null,"slimmedIds":["GO:0016491"],"targetSets":null,"symbol":"A9F13_12g02299","date":"20180428","interactingTaxonId":0,"synonyms":null,"name":null},{"id":"UniProtKB:A0A202G4L9!265132366","geneProductId":"UniProtKB:A0A202G4L9","qualifier":"enables","goId":"GO:0016620","goName":null,"goEvidence":"IEA","goAspect":"molecular_function","evidenceCode":"ECO:0000256","reference":"GO_REF:0000002","withFrom":[{"connectedXrefs":[{"db":"InterPro","id":"IPR016163"}]}],"taxonId":36911,"taxonName":null,"assignedBy":"InterPro","extensions":null,"slimmedIds":["GO:0016491"],"targetSets":null,"symbol":"A9F13_12g02299","date":"20180428","interactingTaxonId":0,"synonyms":null,"name":null},{"id":"UniProtKB:A0A202G698!265134444","geneProductId":"UniProtKB:A0A202G698","qualifier":"enables","goId":"GO:0016491","goName":null,"goEvidence":"IEA","goAspect":"molecular_function","evidenceCode":"ECO:0000256","reference":"GO_REF:0000002","withFrom":[{"connectedXrefs":[{"db":"InterPro","id":"IPR003819"}]}],"taxonId":36911,"taxonName":null,"assignedBy":"InterPro","extensions":null,"slimmedIds":["GO:0016491"],"targetSets":null,"symbol":"A9F13_09g01947","date":"20180428","interactingTaxonId":0,"synonyms":null,"name":null},{"id":"UniProtKB:A0A202G698!265134445","geneProductId":"UniProtKB:A0A202G698","qualifier":"enables","goId":"GO:0050353","goName":null,"goEvidence":"IEA","goAspect":"molecular_function","evidenceCode":"ECO:0000256","reference":"GO_REF:0000002","withFrom":[{"connectedXrefs":[{"db":"InterPro","id":"IPR012776"}]}],"taxonId":36911,"taxonName":null,"assignedBy":"InterPro","extensions":null,"slimmedIds":["GO:0016491"],"targetSets":null,"symbol":"A9F13_09g01947","date":"20180428","interactingTaxonId":0,"synonyms":null,"name":null},{"id":"UniProtKB:A0A202G698!265134446","geneProductId":"UniProtKB:A0A202G698","qualifier":"enables","goId":"GO:0051213","goName":null,"goEvidence":"IEA","goAspect":"molecular_function","evidenceCode":"ECO:0000323","reference":"GO_REF:0000038","withFrom":[{"connectedXrefs":[{"db":"UniProtKB-KW","id":"KW-0223"}]}],"taxonId":36911,"taxonName":null,"assignedBy":"UniProt","extensions":null,"slimmedIds":["GO:0016491"],"targetSets":null,"symbol":"A9F13_09g01947","date":"20180428","interactingTaxonId":0,"synonyms":null,"name":null},{"id":"UniProtKB:A0A202G9G8!265138693","geneProductId":"UniProtKB:A0A202G9G8","qualifier":"enables","goId":"GO:0004096","goName":null,"goEvidence":"IEA","goAspect":"molecular_function","evidenceCode":"ECO:0000256","reference":"GO_REF:0000002","withFrom":[{"connectedXrefs":[{"db":"InterPro","id":"IPR011614"}]},{"connectedXrefs":[{"db":"InterPro","id":"IPR018028"}]},{"connectedXrefs":[{"db":"InterPro","id":"IPR024708"}]},{"connectedXrefs":[{"db":"InterPro","id":"IPR024711"}]},{"connectedXrefs":[{"db":"InterPro","id":"IPR037060"}]}],"taxonId":36911,"taxonName":null,"assignedBy":"InterPro","extensions":null,"slimmedIds":["GO:0016491"],"targetSets":null,"symbol":"A9F13_05g01881","date":"20180428","interactingTaxonId":0,"synonyms":null,"name":null},{"id":"UniProtKB:A0A202G9G8!265138694","geneProductId":"UniProtKB:A0A202G9G8","qualifier":"enables","goId":"GO:0004096","goName":null,"goEvidence":"IEA","goAspect":"molecular_function","evidenceCode":"ECO:0000501","reference":"GO_REF:0000003","withFrom":[{"connectedXrefs":[{"db":"EC","id":"1.11.1.6"}]}],"taxonId":36911,"taxonName":null,"assignedBy":"UniProt","extensions":null,"slimmedIds":["GO:0016491"],"targetSets":null,"symbol":"A9F13_05g01881","date":"20180428","interactingTaxonId":0,"synonyms":null,"name":null},{"id":"UniProtKB:A0A202G9G8!265138695","geneProductId":"UniProtKB:A0A202G9G8","qualifier":"enables","goId":"GO:0004601","goName":null,"goEvidence":"IEA","goAspect":"molecular_function","evidenceCode":"ECO:0000323","reference":"GO_REF:0000038","withFrom":[{"connectedXrefs":[{"db":"UniProtKB-KW","id":"KW-0575"}]}],"taxonId":36911,"taxonName":null,"assignedBy":"UniProt","extensions":null,"slimmedIds":["GO:0016491"],"targetSets":null,"symbol":"A9F13_05g01881","date":"20180428","interactingTaxonId":0,"synonyms":null,"name":null},{"id":"UniProtKB:A0A202G9G8!265138696","geneProductId":"UniProtKB:A0A202G9G8","qualifier":"enables","goId":"GO:0016491","goName":null,"goEvidence":"IEA","goAspect":"molecular_function","evidenceCode":"ECO:0000323","reference":"GO_REF:0000038","withFrom":[{"connectedXrefs":[{"db":"UniProtKB-KW","id":"KW-0560"}]}],"taxonId":36911,"taxonName":null,"assignedBy":"UniProt","extensions":null,"slimmedIds":["GO:0016491"],"targetSets":null,"symbol":"A9F13_05g01881","date":"20180428","interactingTaxonId":0,"synonyms":null,"name":null},{"id":"UniProtKB:A0A202GAB1!265139740","geneProductId":"UniProtKB:A0A202GAB1","qualifier":"enables","goId":"GO:0016491","goName":null,"goEvidence":"IEA","goAspect":"molecular_function","evidenceCode":"ECO:0000256","reference":"GO_REF:0000002","withFrom":[{"connectedXrefs":[{"db":"InterPro","id":"IPR001236"}]}],"taxonId":36911,"taxonName":null,"assignedBy":"InterPro","extensions":null,"slimmedIds":["GO:0016491"],"targetSets":null,"symbol":"A9F13_04g01562","date":"20180428","interactingTaxonId":0,"synonyms":null,"name":null},{"id":"UniProtKB:A0A202GAB1!265139741","geneProductId":"UniProtKB:A0A202GAB1","qualifier":"enables","goId":"GO:0016491","goName":null,"goEvidence":"IEA","goAspect":"molecular_function","evidenceCode":"ECO:0000323","reference":"GO_REF:0000038","withFrom":[{"connectedXrefs":[{"db":"UniProtKB-KW","id":"KW-0560"}]}],"taxonId":36911,"taxonName":null,"assignedBy":"UniProt","extensions":null,"slimmedIds":["GO:0016491"],"targetSets":null,"symbol":"A9F13_04g01562","date":"20180428","interactingTaxonId":0,"synonyms":null,"name":null}],"pageInfo":{"resultsPerPage":25,"current":1,"total":4}}